INSERT INTO workouts (name, description)
VALUES ('Full Body 1', 'Day 1 for beginner program'),
       ('Full Body 2', 'Day 2 for beginner program'),
       ('Chest and Triceps', 'Day 1 for bodybuilding program'),
       ('Back and Biceps', 'Day 2 for bodybuilding program'),
       ('Legs', 'Day 3 for bodybuilding program'),
       ('Shoulders', 'Day 4 for bodybuilding program'),
       ('Arms and Abs', 'Day 5 for bodybuilding program'),
       ('Legs and Abs 1', 'Day 1 for powerlifting program'),
       ('Push 1', 'Day 2 for powerlifting program'),
       ('Pull 1', 'Day 3 for powerlifting program'),
       ('Legs and Abs 2', 'Day 4 for powerlifting program'),
       ('Push 2', 'Day 5 for powerlifting program'),
       ('Pull 2', 'Day 6 for powerlifting program');

INSERT INTO exercises (name, description, sets, reps, muscles_primary, muscles_secondary)
    VALUES ('Barbell Bench Press',
            'Lay down on a bench, the bar should be directly above your eyes, the knees are somewhat angled and the feet are firmly on the floor. Concentrate, breath deeply and grab the bar more than shoulder wide. Bring it slowly down till it briefly touches your chest at the height of your nipples. Push the bar up. If you train with a high weight it is advisable to have a spotter that can help you up if you can''t lift the weight on your own. With the width of the grip you can also control which part of the chest is trained more: 
            wide grip: outer chest muscles
            narrow grip: inner chest muscles and triceps',
            3,
            '5',
            'Pectoralis major (Chest)',
            'Triceps brachi (Triceps), Anterior deltoid (Shoulders)'),
            ('Pause Bench',
            'Lower the bar to your chest and pause (but do not rest) there for 2 seconds. Press back up. Since this incorporates a pause, decrease the volume (either weight or reps).',
            3,
            '8',
            'Pectoralis major (Chest)',
            'Triceps brachii (Triceps)'),
            ('Dumbbell Bench Press',
            'The movement is very similar to benchpressing with a barbell, however, the weight is brought down to the chest at a lower point.Hold two dumbbells and lay down on a bench. Hold the weights next to the chest, at the height of your nipples and press them up till the arms are stretched. Let the weight slowly and controlled down.',
            3,
            '8',
            'Pectoralis major (Chest)',
            'Triceps brachi (Triceps), Anterior deltoid (Shoulders)'),
            ('Incline Bench Press - Dumbbell',
            'Bench should be angled anywhere from 30 to 45 degrees. Be sure to press dumbbells straigh upward (perpendicular to the floor).',
            3,
            '8',
            'Pectoralis major (Chest)',
            'Triceps brachii (Triceps), Anterior deltoid (Shoulders)'),
            ('Dips/Assisted Dips',
            'A dip is an upper-body strength exercise. Narrow, shoulder-width dips primarily train the triceps, with major synergists being the anterior deltoid, the pectoralis muscles (sternal, clavicular, and minor), and the rhomboid muscles of the back (in that order). Wide arm training places additional emphasis on the pectoral muscles, similar in respect to the way a wide grip bench press would focus more on the pectorals and less on the triceps.',
            3,
            '10',
            'Pectoralis major (Chest)',
            'Triceps brachii (Triceps)'),
            ('Cable Cross-Over Flies',
            'Begin with cables at about shoulder height, one in each hand. Take a step forward so that one foot is in front of the other, for stability, and so that there is tension on the cables. Bring hands together in front of you. Try to make your hands overlap (so that the cables cross) a few inches.',
            3,
            '10',
            'Pectoralis major (Chest)',
            'Anterior deltoid (Shoulders)'),
            ('Deadlifts',
            'Stand firmly, with your feet slightly more than shoulder wide apart. Stand directly behind the bar where it should barely touch your shin, your feet pointing a bit out. Bend down with a straight back, the knees also pointing somewhat out. Grab the bar with a shoulder wide grip, one underhand, one reverse grip. Pull the weight up. At the highest point make a slight hollow back and pull the bar back. Hold 1 or 2 seconds that position. Go down, making sure the back is not bent. Once down you can either go back again as soon as the weights touch the floor, or make a pause, depending on the weight.',
            3,
            '5',
            'Latissimus dorsi (Lats)',
            'Gluteus maximus (Glutes), Biceps femoris (Hamstrings)'),
            ('Pause Deadlifts',
            'Similar to a regular deadlift, stand firmly, with your feet slightly more than shoulder wide apart. Stand directly behind the bar where it should barely touch your shin, your feet pointing a bit out. Bend down with a straight back, the knees also pointing somewhat out. Grab the bar with a shoulder wide grip, one underhand, one reverse grip. Pull the weight up. On the way up, PAUSE for 1-2 seconds, then pull to the highest point. Go down, making sure the back is not bent.',
            3,
            '5',
            'Latissimus dorsi (Lats)',
            'Gluteus maximus (Glutes), Biceps femoris (Hamstrings)'),
            ('Bent Over Dumbbell Rows',
            'With dumbbells in hand, bend at the hip until hands hang just below the knees (similar to straight-legged-deadlift starting position). Keep upper body angle constant while contracting your lats to pull you ellbows back pinching the shoulder blades at the top. Try not to stand up with every rep, check hands go below knees on every rep.',
            3,
            '10',
            'Latissimus dorsi (Lats)',
            NULL),
            ('Bent Over Rows with Barbell',
            'Holding a barbell with a pronated grip (palms facing down), bend your knees slightly and bring your torso forward, by bending at the waist, while keeping the back straight until it is almost parallel to the floor. Tip: Make sure that you keep the head up. The barbell should hang directly in front of you as your arms hang perpendicular to the floor and your torso. This is your starting position.
            Now, while keeping the torso stationary, breathe out and lift the barbell to you. Keep the elbows close to the body and only use the forearms to hold the weight. At the top contracted position, squeeze the back muscles and hold for a brief pause. Then inhale and slowly lower the barbell back to the starting position. Repeat for the recommended amount of repetitions.',
            3,
            '8',
            'Latissimus dorsi (Lats)',
            'Anterior deltoid (Shoulders), Biceps brachii (Biceps)'),
            ('Pull-Ups/Assisted Pull-Ups',
            'Grab the pull up bar with a wide grip, the body is hanging freely. Keep your chest out and pull yourself up till your chin reaches the bar or it touches your neck, if you want to pull behind you. Go with a slow and controlled movement down, always keeping the chest out. To perform assisted pull-ups on a machine, place your knees on the platform and perform the movements above. To perform assisted pull-ups with a resistance band, loop the band around the bar, place both feet onto the hanging end of the band, and perform the movements above.',
            3,
            '10',
            'Latissimus dorsi (Lats)',
            'Anterior deltoid (Shoulders), Biceps brachii (Biceps), Trapezius'),
            ('Lat Pull Down (Straight Back)',
            'Pull bar down to strenum and keep straight back.',
            3,
            '10',
            'Latissimus dorsi (Lats)',
            'Biceps brachii (Biceps)'),
            ('Cable Row',
            'Sit down, put your feet on the supporting points and grab the bar with a wide grip. Pull the weight with a rapid movement towards your belly button, not upper. Keep your arms and elbows during the movement close to your body. Your shoulders are pulled together. Let the weight slowly down till your arms are completely stretched.',
            3,
            '10',
            'Latissimus dorsi (Lats)',
            'Biceps brachii (Biceps)'),
            ('T-Bar Row',
            'Lay on the bench with your chest facing down. With a triangle grip and slightly bent knees, bend over and pull the bar towards your chest. Lower it back down until your arms are almost straight.',
            3,
            '8',
            'Latissimus dorsi (Lats)',
            'Biceps brachii (Biceps)'),
            ('Barbell Squats',
            'Place a barbell in a rack just below shoulder-height. Dip under the bar to put it behind the neck across the top of the back, and grip the bar with the hands wider than shoulder-width apart. Lift the chest up and squeeze the shoulder blades together to keep the straight back throughout the entire movement. Stand up to bring the bar off the rack and step backwards, then place the feet so that they are a little wider than shoulder-width apart. Sit back into hips and keep the back straight and the chest up, squatting down so the hips are below the knees. From the bottom of the squat, press feet into the ground and push hips forward to return to the top of the standing position.',
            3,
            '5',
            'Quadriceps femoris (Quads)',
            'Gluteus maximus (Glutes)'),
            ('Leg Press',
            'The leg press is a weight training exercise in which the individual pushes a weight or resistance away from them using their legs.',
            3,
            '8',
            'Biceps femoris (Hamstrings), Quadriceps femoris (Quads)',
            'Gastrocnemius (Calves), Gluteus maximus (Glutes)'),
            ('Smith Machine Squat',
            'Position the bar just below shoulder level and adjust the safety stops right above knee height. Place your pinkies on the smooth ring of the barbell. Get under the bar and position at the base of your traps looking straight ahead. Unrack the bar by rotating your wrists to remove the safety hooks. Take a deep breath and keep your elbows in line with your torso. Descend by simultaneously pushing the hips back and bending the knees. Once your thighs reach parallel with the floor, reverse the movement by driving your feet into the floor and flexing your quads. Finish the lift by exhaling as you fully extend the hips and knees.',
            3,
            '8',
            'Biceps femoris (Hamstrings), Quadriceps femoris (Quads)',
            'Gastrocnemius (Calves), Gluteus maximus (Glutes)'),
            ('Romanian Deadlift',
            'Standing with you feet about shoulder-width apart, grab a pair of dumbbells from a bench or box. Keep the dumbbells close to your sides, with your shoulders back, your core tight, and glutes squeezed. Begin “pushing” your butt back as far as possible as you begin lowering your torso—as if you’re trying to close a car door. Think about taking two seconds with the lowering phase. The goal is to get to about a 45-degree angle, depending on your personal mobility limits. Don’t forget to keep the dumbbells close to your shins—don’t let them hang too far forward. Pause at the bottom, then stand back up, slightly quicker than the lowering phase.',
            3,
            '10',
            'Biceps femoris (Hamstrings)',
            'Gluteus maximus (Glutes)'),
            ('Leg Extension',
            'The leg extension is a resistance weight training exercise that targets the quadriceps muscle in the legs. The exercise is done using a machine called the Leg Extension Machine. There are various manufacturers of these machines and each one is slightly different. Most gym and weight rooms will have the machine in their facility. The leg extension is an isolated exercise targeting one specific muscle group, the quadriceps. It should not be considered as a total leg workout, such as the squat or deadlift. The exercise consists of bending the leg at the knee and extending the legs, then lowering them back to the original position.',
            3,
            '10',
            'Quadriceps femoris (Quads)',
            NULL),
            ('Leg Curl',
            'The leg curl, also known as the hamstring curl, is an isolation exercise that targets the hamstring muscles. The exercise involves flexing the lower leg against resistance towards the buttocks. Other exercises that can be used to strengthen the hamstrings are the glute-ham raise and the deadlift.',
            3,
            '10',
            'Biceps femoris (Hamstrings), Gluteus maximus (Glutes)',
            NULL),
            ('Bulgarian Split Squats',
            'Stand tall in front of a chair and take a large step. Put the upper part of one of your feet on the chair. Bend the front knee, balancing with arms until the back knee almost touches the ground. Push back to the starting position and repeat.',
            3,
            '10',
            'Quadriceps femoris (Quads)',
            'Biceps femoris (Hamstrings), Gluteus maximus (Glutes)'),
            ('Dumbbell Goblet Squat',
            'Grasp dumbbell with both hands at the sides of the upper plates. Hold dumbbell in front of chest, close to torso. Place feet about shoulderwide apart, keep knees slightly bent. Squat down until thighs are parallel to floor. Keep back straight, bend and move hips backward to keep knees above feet. Return, keep knees slightly flexed. Repeat. Keep bodyweight on heels and look ahead or slightly above to keep back straight.',
            3,
            '10',
            'Quadriceps femoris (Quads)',
            NULL),
            ('Standing Calf Raises',
            'Get onto the calf raises machine, you should able to completely push your calves down. Stand straight, don''t make a hollow back and don''t bend your legs. Pull yourself up as high as you can. Make a small pause of 1 - 2 seconds and go slowly down.',
            3,
            '15',
            'Gastrocnemius (Calves)',
            'Soleus'),
            ('Calf Press Using Leg Press Machine',
            'Put  the balls of your feet on an extended leg press pad.  Use your calves to press the weight by flexing your feet/toes into a pointed position, and releasing back into a relaxed position. This exercise builds mass and strength in the Gastrocnemius and Soleus muscles as well, if not better, than any calf exercise.',
            3,
            '15',
            'Gastrocnemius (Calves), Soleus',
            NULL),
            ('Overhead Shoulder Press',
            'Sitting variation: Sit on a bench, the back rest should be almost vertical. Take a barbell with a shoulder wide grip and bring it up to chest height. Press the weight up, but don''t stretch the arms completely. Go slowly down and repeat. Standing variation: Take a barbell with a shoulder wide grip and bring it up to chest height. Press the weight up, but don''t stretch the arms completely. Make sure that your back is not arched. Go slowly down and repeat.',
            3,
            '6',
            'Anterior deltoid (Shoulders)',
            NULL),
            ('Dumbbell Shoulder Press',
            'Sit on a bench, the back rest should be almost vertical. Take two dumbbells and bring them up to shoulder height, the palms and the elbows point during the whole exercise to the front. Press the weights up, at the highest point they come very near but don''t touch. Go slowly down and repeat.',
            3,
            '8',
            'Anterior deltoid (Shoulders)',
            NULL),
            ('Lateral Raises',
            'This exercise works the deltoid muscle of the shoulder. The movement starts with the arms straight, and the hands holding weights at the sides or in front of the body. Body is in a slight forward-leaning position with hips and knees bent a little. Arms are kept straight or slightly bent, and raised through an arc of movement in the coronal plane that terminates when the hands are at approximately shoulder height. Weights are lowered to the starting position, completing one rep. When using a cable machine the individual stands with the coronal plane in line with the pulley, which is at or near the ground. The exercise can be completed one shoulder at a time (with the other hand used to stabilize the body against the weight moved), or with both hands simultaneously if two parallel pulleys are available.',
            3,
            '12',
            'Anterior deltoid (Shoulders)',
            NULL),
            ('Facepulls',
            'Attach a rope to a pulley station set at about chest level. Step back so you''re supporting the weight with arms completely outstretched and assume a staggered (one foot forward) stance. Bend the knees slightly for a stable base. Retract the scapulae (squeeze your partner''s finger with your shoulder blades) and pull the center of the rope slightly up towards the face. A good cue is to think about pulling the ends of the rope apart, not just pulling back. As you near your face, externally rotate so your knuckles are facing the ceiling. Hold for one second at the top position and slowly lower.',
            3,
            '10',
            'Trapezius, Anterior deltoid (Shoulders)',
            NULL),
            ('Lateral Raises on Cable, One-Armed',
            'Set cable at waist height, start with arm across your belly and move han over and out too other side, one arm at the time.',
            3,
            '12',
            'Anterior deltoid (Shoulders)',
            NULL),
            ('Rear Delt Raises',
            'This can be done seated on a bench or standing. With the dumbbells on the floor, bend over at 45 degrees. Slowly raise each dumbbell to shoulder height and hold for a couple seconds before lowering to the starting position.',
            3,
            '12',
            'Posterior deltoid (Rear Shoulders)',
            NULL),
            ('Bicep Curls With Cable',
            'Take 2-3 steps away from the cable, with the feet are firmly on the floor. Take the bar and lift the weight with a fast movements. Lower the weight as you would with dumbbell curls slowly and controlled. Don''t move the elbows during the exercise',
            3,
            '10',
            'Biceps brachii (Biceps)',
            NULL),
            ('Dumbbell Bicep Curls',
            'Starting position: Start standing up with dumbbells in each hand, your back straight and feet hip-width apart. Your arms should be relaxed, pointing down. Your knees should be slightly bent, your abs contracted, and your shoulders down. Bend one arm at the elbow, bringing the dumbbell up to your shoulder. Your upper arm should remain motionless during this movement Bring the dumbbell back down until your arm is in its original relaxed position. Repeat, switching arms.',
            3,
            '10',
            'Biceps brachii (Biceps)',
            NULL),
            ('Hammer Curls',
            'Hold two dumbbells and sit on a bench with a straight back, the shoulders are slightly rolled backwards. Bend the arms and bring the weight up with a fast movement. Don''t rotate your hands, as with the curls. Without any pause bring the dumbbell down with a slow, controlled movement. Don''t swing your body during the exercise, the biceps should do all the work here. The elbows are at your side and don''t move.',
            3,
            '10',
            'Biceps brachii (Biceps)',
            NULL),
            ('Bicep Curls with EZ-Bar',
            'Hold the EZ-bar shoulder-wide, the back is straight, the shoulders slightly back, the arms are streched. Bend the arms, bringing the weight up, with a fast movement. Without pausing, let down the bar with a slow and controlled movement. Don''t allow your body to swing during the exercise, all work is done by the biceps, which are the only muscles that should move (pay attention to the elbows).',
            3,
            '10',
            'Biceps brachii (Biceps)',
            NULL),
            ('Tricep Pushdown on Cable',
            'The cable rope push-down is a popular exercise targeting the triceps muscles. It''s easy to learn and perform, making it a favorite for everyone from beginners to advanced lifters. It is usually performed for moderate to high reps, such as 8-12 reps or more per set, as part of an upper-body or arm-focused workout.',
            3,
            '10',
            'Triceps brachii (Triceps)',
            NULL),
            ('Skullcrusher with EZ-Bar',
            'Hold the EZ-bar and lay down on a flat bench in such a way that around 1/4 of your head is over the edge. Stretch your arms with the bar and bend them so that the bar is lowered. Just before it touches your forehead, push it up. Pay attention to your elbows and arms: only the triceps are doing the work, the rest of the arms should not move.',
            3,
            '10',
            'Triceps brachii (Triceps)',
            NULL),
            ('One-Arm Tricep Cable Kickback',
            'Start with the cable in one hand and your palms facing your torso. Keep your back straight with a slight bend in the knees and bend forward at the waist. Your torso should be almost parallel to the floor. Make sure to keep your head up. Your upper arms should be close to your torso and parallel to the floor. Your forearms should be pointed towards the floor as you hold the cable. There should be a 90-degree angle formed between your forearm and upper arm. This is your starting position. Now, while keeping your upper arms stationary, exhale and use your triceps to lift the cable until the arm is fully extended. Focus on moving the forearm. After a brief pause at the top contraction, inhale and slowly lower the cable back down to the starting position. Repeat the movement for the prescribed amount of repetitions.',
            3,
            '10',
            'Triceps brachii (Triceps)',
            NULL),
            ('Seated Triceps Press',
            'Sit down on a back (better with back support). Take a dumbbell firmly with both hands and hold it with extended arms over your head. With your palms facing upward and holding the weight of the dumbbell, slowly lower the weight behind your head. Always keep your elbows close to your head. Move only the forearms.',
            3,
            '10',
            'Triceps brachii (Triceps)',
            NULL),
            ('Crunches',
            'Lay down on your back a soft surface, the feet are on the floor. Ask a partner or use some other help (barbell, etc.) to keep them fixed, your hands are behind your head. From this position move your upper body up till your head or elbows touch your knees. Do this movement by rolling up your back.',
            3,
            '30 seconds',
            'Rectus abdominis (Abs)',
            'Serratus anterior'),
            ('Hollow Hold',
            'Get on a mat and lie on your back. Contract your abs, stretch your raise and legs and raise them (your head and shoulders are also be raised). Make sure your lower back remains in contact with the mat.',
            3,
            '1 minute',
            'Rectus abdominis (Abs), Obliquus externus abdominis (Obliques)',
            NULL),
            ('Negative Crunches',
            'Sit yourself on the decline bench and fix your legs. Cross your arms over the chest and bring with a rolling movement your upper body up, go now without a pause and with a slow movement down again. Don''t let your head move during the exercise.',
            3,
            '30 seconds',
            'Rectus abdominis (Abs)',
            NULL),
            ('Plank',
            'Get into a position on the floor supporting your weight on your forearms and toes. Arms are bent and directly below the shoulder. Keep your body straight at all times and hold this position as long as possible. To increase difficulty an arm or leg can be raised while performing this exercise.',
            3,
            '1 minute',
            'Rectus abdominis (Abs), Obliquus externus abdominis (Obliques)',
            NULL);

INSERT INTO workout_exercises (workout_id, exercise_name)
    VALUES (1, 'Dumbbell Bench Press'),
           (1, 'Lat Pull Down (Straight Back)'),
           (1, 'Leg Press'),
           (1, 'Standing Calf Raises'),
           (1, 'Lateral Raises'),
           (1, 'Dumbbell Bicep Curls'),
           (1, 'Tricep Pushdown on Cable'),
           (2, 'Incline Bench Press - Dumbbell'),
           (2, 'Lat Pull Down (Straight Back)'),
           (2, 'Cable Row'),
           (2, 'Leg Extension'),
           (2, 'Leg Curl'),
           (2, 'Dumbbell Shoulder Press'),
           (2, 'Hammer Curls'),
           (2, 'One-Arm Tricep Cable Kickback'),
           (3, 'Dumbbell Bench Press'),
           (3, 'Incline Bench Press - Dumbbell'),
           (3, 'Dips/Assisted Dips'),
           (3, 'Cable Cross-Over Flies'),
           (3, 'Tricep Pushdown on Cable'),
           (3, 'Skullcrusher with EZ-Bar'),
           (4, 'Deadlifts'),
           (4, 'Bent Over Rows with Barbell'),
           (4, 'Pull-Ups/Assisted Pull-Ups'),
           (4, 'Lat Pull Down (Straight Back)'),
           (4, 'Bicep Curls With Cable'),
           (4, 'Bicep Curls with EZ-Bar'),
           (5, 'Barbell Squats'),
           (5, 'Leg Press'),
           (5, 'Leg Extension'),
           (5, 'Leg Curl'),
           (5, 'Standing Calf Raises'),
           (5, 'Calf Press Using Leg Press Machine'),
           (6, 'Dumbbell Shoulder Press'),
           (6, 'Lateral Raises'),
           (6, 'Facepulls'),
           (6, 'Lateral Raises on Cable, One-Armed'),
           (6, 'Rear Delt Raises'),
           (7, 'Bicep Curls with EZ-Bar'),
           (7, 'Bicep Curls With Cable'),
           (7, 'Hammer Curls'),
           (7, 'Skullcrusher with EZ-Bar'),
           (7, 'Tricep Pushdown on Cable'),
           (7, 'One-Arm Tricep Cable Kickback'),
           (7, 'Negative Crunches'),
           (7, 'Hollow Hold'),
           (7, 'Plank'),
           (8, 'Barbell Squats'),
           (8, 'Dumbbell Goblet Squat'),
           (8, 'Leg Curl'),
           (8, 'Standing Calf Raises'),
           (8, 'Calf Press Using Leg Press Machine'),
           (8, 'Crunches'),
           (8, 'Plank'),
           (9, 'Barbell Bench Press'),
           (9, 'Incline Bench Press - Dumbbell'),
           (9, 'Lateral Raises'),
           (9, 'Facepulls'),
           (9, 'Tricep Pushdown on Cable'),
           (9, 'Seated Triceps Press'),
           (10, 'Deadlifts'),
           (10, 'Lat Pull Down (Straight Back)'),
           (10, 'Cable Row'),
           (10, 'T-Bar Row'),
           (10, 'Dumbbell Bicep Curls'),
           (10, 'Hammer Curls'),
           (11, 'Leg Press'),
           (11, 'Romanian Deadlift'),
           (11, 'Leg Extension'),
           (11, 'Standing Calf Raises'),
           (11, 'Calf Press Using Leg Press Machine'),
           (11, 'Negative Crunches'),
           (11, 'Hollow Hold'),
           (12, 'Overhead Shoulder Press'),
           (12, 'Pause Bench'),
           (12, 'Dips/Assisted Dips'),
           (12, 'Lateral Raises on Cable, One-Armed'),
           (12, 'Skullcrusher with EZ-Bar'),
           (12, 'One-Arm Tricep Cable Kickback'),
           (13, 'Pause Deadlifts'),
           (13, 'Bent Over Rows with Barbell'),
           (13, 'Pull-Ups/Assisted Pull-Ups'),
           (13, 'Bent Over Dumbbell Rows'),
           (13, 'Bicep Curls with EZ-Bar'),
           (13, 'Bicep Curls With Cable');




















            

